[
    {
        "id": 1,
        "titulo": "Horizonte de Acero",
        "generos": [
            "Acción",
            "Ciencia Ficción"
        ],
        "imagen": "img/horizonte.jpg",
        "sinopsis": "En un futuro distópico, un ingeniero rebelde lidera una misión para salvar a la humanidad de una inteligencia artificial descontrolada. Enfrentando desafíos extremos, descubre el verdadero poder de la esperanza y la tecnología responsable.",
        "trailer": "https://www.youtube.com/watch?v=trailer1",
        "estreno": "2025-10-20",
        "precios": {
            "estreno": 5.0,
            "normal": 3.0
        }
    },
    {
        "id": 2,
        "titulo": "El Viaje de Luna",
        "generos": [
            "Drama",
            "Aventura"
        ],
        "imagen": "img/luna.jpg",
        "sinopsis": "Luna, una joven soñadora, emprende un viaje por Sudamérica en busca de sus raíces. En el camino, descubre historias que cambian su vida y la conectan con su pasado y su futuro.",
        "trailer": "https://www.youtube.com/watch?v=trailer2",
        "estreno": "2025-09-15",
        "precios": {
            "estreno": 5.0,
            "normal": 3.0
        }
    }
]