{
    "1": [
        {
            "usuario": "Ana",
            "comentario": "Una película emocionante y bien lograda.",
            "calificacion": 5
        },
        {
            "usuario": "Luis",
            "comentario": "Buena trama y efectos especiales impresionantes.",
            "calificacion": 4
        }
    ],
    "2": [
        {
            "usuario": "María",
            "comentario": "Una historia conmovedora y visualmente hermosa.",
            "calificacion": 5
        },
        {
            "usuario": "Carlos",
            "comentario": "Me hizo reflexionar sobre la familia y la identidad.",
            "calificacion": 4
        }
    ]
}